title,img
"closeup of old typewriter letters",https://t1.ftcdn.net/jpg/00/78/66/96/500_F_78669633_3o3XjwBDMw33JQTUSMXCrpBWUio3ny0h.jpg
"Vintage  photo portrait of young woman",https://t1.ftcdn.net/jpg/00/85/36/08/500_F_85360875_SREQkw1PbMoSPr3JbmxwfRfbTSy8Vwzo.jpg
"Old Binoculars",https://t1.ftcdn.net/jpg/00/63/91/08/500_F_63910821_Yt0XkrqrzvdB031cCQxRoWXj0F1w5aBU.jpg
"Old telephone on wooden background. Copy space on the bottom.",https://t2.ftcdn.net/jpg/00/78/33/99/500_F_78339959_JXtNb9KsaTLbKYc0qMZz1vuH9pZ3mDgw.jpg
"Vintage typewriter",https://t1.ftcdn.net/jpg/00/91/38/54/500_F_91385479_ddqSCUkUDVVMu6V8vdg4avdhIp4700nT.jpg
"Car travel",https://t1.ftcdn.net/jpg/00/80/27/92/500_F_80279282_in3FW5GK0lqJBSASjzwBtJbMcnQ1mGQK.jpg
"Stack of Old  Photography",https://t2.ftcdn.net/jpg/00/74/42/01/500_F_74420127_bdPeaD2lAmz0oRVY3l2GxKzF3UeB8Swa.jpg
"Vintage Typewriter",https://t2.ftcdn.net/jpg/00/88/96/73/500_F_88967324_kHDEFaTcyNxGcCir5bqwOTwgZc6Cgt2G.jpg
"fotocamera e valigia vintage e reflex",https://t2.ftcdn.net/jpg/00/64/72/11/500_F_64721181_tokmpwe4fsxgeqUyxVZcduq54k0t6nBp.jpg
"floor robot",https://t2.ftcdn.net/jpg/00/89/62/51/500_F_89625104_O2EFMwoU14ZCoCtZEhX95pmqey25P00d.jpg
"vintage bellows camera with filmstrip",https://t2.ftcdn.net/jpg/00/62/35/43/500_F_62354345_DfSPgrSQwXaCzq5YALpO7Axv9bUqmXqp.jpg
"Rotary Phone",https://t1.ftcdn.net/jpg/00/65/84/30/500_F_65843081_pI6zhzwmC6cVe6z5QY6XN4qW0IAE8avo.jpg
"Photoalbum with rose on Wooden table",https://t2.ftcdn.net/jpg/00/74/84/13/500_F_74841323_mWPQQ46ePe5MMl9sTU8wK3wQ8UcsHpot.jpg
"Nostalgia photo with camera and wedding photos",https://t2.ftcdn.net/jpg/00/91/18/27/500_F_91182784_tv8CynAaG8UGR1mAD3ThGfbXBbUeiBrR.jpg
"Antique radio",https://t2.ftcdn.net/jpg/00/70/77/97/500_F_70779712_UJnWY00Gx08vtSKteJ7skKkNtT300gfK.jpg
"Young lady at vintage car and fashion show in Auckland, New Zealand ",https://t2.ftcdn.net/jpg/00/95/97/81/500_F_95978170_CvRknjbOJBQGkvQbjsShgJzMco3Xdpqf.jpg
"vintage steam train",https://t1.ftcdn.net/jpg/00/93/05/32/500_F_93053246_BEYJuffEQKnSugmR4Aaj5EdB6dB0R07T.jpg
"Vintage photo frames",https://t1.ftcdn.net/jpg/00/61/40/54/500_F_61405417_NDUtxaW6wir04dxKfoWbR7BbHE294k2H.jpg
"Old Nostalgic BW Television",https://t1.ftcdn.net/jpg/00/08/84/34/500_F_8843496_AqCwp2BX2xQSFYzFBqAx2ex6LR04MVvM.jpg
"Vintage room with wallpaper, old fashioned armchair, tv, phone,",https://t1.ftcdn.net/jpg/00/60/87/54/500_F_60875471_NeWZWeYEcNgMvPrqYzWncqTQqEVkEtoS.jpg
"Strawberries, a bucket, a white table and a turquoise background",https://t1.ftcdn.net/jpg/00/82/69/16/500_F_82691687_Vh2y35DNT2ow9MwKXtk8Qx0RkpaY0xGM.jpg
"USA, Connecticut, Couple having drinks in front of drive-in",https://t2.ftcdn.net/jpg/00/83/52/51/500_F_83525172_R133RFNFGhaJ6rKTEOEqByJ2pfsBr2M8.jpg
"retro analogue camera",https://t2.ftcdn.net/jpg/00/84/91/37/500_F_84913703_WfCogRGpPXTI2gPSkGsBpSQrsMRIDlSa.jpg
"Vintage pocket watch",https://t1.ftcdn.net/jpg/00/93/78/72/500_F_93787203_o172afheqpkUIAEJrZIZOeeslTKE0ONf.jpg
"ventilatore vintage sospeso",https://t1.ftcdn.net/jpg/00/82/48/04/500_F_82480452_yqyzCR8jfCrSfZTMtklinaNFc60vG525.jpg
"old vintage camera closeup on wooden background",https://t2.ftcdn.net/jpg/00/82/25/87/500_F_82258760_CHV4RFwIWnyZcUOfwxTOSwICgklBmj7o.jpg
"Vintage car at classic car show",https://t1.ftcdn.net/jpg/00/59/17/76/500_F_59177679_ygf2n9iVVlCxJXVyDfkg50qWLtBBYsrM.jpg
"Pen and letter",https://t1.ftcdn.net/jpg/00/42/91/48/500_F_42914815_8BMg8DlSpMsNEwgWeQUKxALVleDOrnpp.jpg
"Vintage backpack",https://t1.ftcdn.net/jpg/00/83/45/84/500_F_83458409_rvfNNvulWqIAyJXAKZFNxgpLvhEWnbwU.jpg
"christmas still life",https://t2.ftcdn.net/jpg/00/96/45/87/500_F_96458758_3NjAYyRAz4HoVubz8MuZe7uSX8outIsm.jpg
"Vintage black and white Travel Typewriter",https://t1.ftcdn.net/jpg/00/62/66/72/500_F_62667214_Duy4LwBBXvYVFKaFm2qbF18JhTRfkxeo.jpg
"Antique silver cutlery - fork and false and vintage pocket watch",https://t1.ftcdn.net/jpg/00/79/64/84/500_F_79648411_T1cvrKTKntfMalOksKP2Oa9QiC4Du1FE.jpg
"Scooter antÃ­guo rojo aislado en gris",https://t2.ftcdn.net/jpg/00/77/00/79/500_F_77007974_ZtcZcJastqen8OGke7iaqM6PENXrt6GJ.jpg
"Hispanic father and son with truck",https://t2.ftcdn.net/jpg/00/82/14/57/500_F_82145718_TbOhqyup9r8wuprmn3KqcCFbWqVINoUh.jpg
"typewriter and paper",https://t2.ftcdn.net/jpg/00/87/98/59/500_F_87985967_DxJKUZZ67nRUQYRP3mGSW8T0ApibVqBY.jpg
"Writing on vintage typewriter",https://t2.ftcdn.net/jpg/00/96/48/53/500_F_96485372_GBlNGbXPL7D0AuC1mGyf1hNXEUyzG9RM.jpg
"pink rose on an open old book",https://t2.ftcdn.net/jpg/00/75/78/11/500_F_75781159_ZjmiOlU0RQ4t3GKIDmnZxmr7r5Sg29lR.jpg
"Coffee served in old enamel mugs with hearts",https://t2.ftcdn.net/jpg/00/84/58/23/500_F_84582338_BK9ew0wp8BATNaaJWFXI6m0DHZPmoCWq.jpg
"Senior man with old letter",https://t2.ftcdn.net/jpg/00/77/76/23/500_F_77762305_P1Zd90CaqB5zcClYo6SCJlsuJioLqVB5.jpg
"Old police car",https://t1.ftcdn.net/jpg/00/07/47/06/500_F_7470670_3KhOGgK2uiLTOdaFq2y8A5fEQDVc2j7w.jpg
"Vintage car wheels - Retro classic vehicle collection",https://t1.ftcdn.net/jpg/00/74/32/50/500_F_74325051_b7X5w6MoVDaU8SQ5BHRYqa25ssHOBqqc.jpg
"Old retro or vintage car front side. Vintage effect processing",https://t2.ftcdn.net/jpg/00/77/76/31/500_F_77763134_NhZMVEj7XzJOrmvDAhDVoRgxL4T9t6A7.jpg
"World War Two British vintage flight formation",https://t2.ftcdn.net/jpg/00/34/84/65/500_F_34846594_8aQnNkcOGou6RquRK55LBBkPUkvX8jg7.jpg
"Child with vintage camera",https://t1.ftcdn.net/jpg/00/61/70/34/500_F_61703480_hOpVTdGsCSEhEtJ0PiiM8JiIdBOwZ8W7.jpg
"Blue vintage restored Trabant car on paved street",https://t2.ftcdn.net/jpg/00/67/50/87/500_F_67508798_LvIcYYa3dV6JgEgHmTvQGbQB6PFVqj71.jpg
"A stack of vintage teacups on a table.",https://t1.ftcdn.net/jpg/00/77/35/20/500_F_77352059_edJweJ6ThOdQLibQoRs6nIZGzbIUGfwl.jpg
"Antique Typewriter",https://t1.ftcdn.net/jpg/00/91/09/38/500_F_91093840_W0JxgPuaUjzW6diHBDZFWlJrstYq27wO.jpg
"Royalty-Free Stock Photography by Rubberball",https://t1.ftcdn.net/jpg/00/82/47/62/500_F_82476251_be1V2Eznmc5fdRLRzLOuxHlG11hALJ2m.jpg
"classic car interior with red leather upholstery",https://t2.ftcdn.net/jpg/00/32/20/55/500_F_32205578_vOn2DH8cIm4CDpC55ICiuoX1quA4eedQ.jpg
"Old style typewriter and books on a wooden floor, instagram phot",https://t2.ftcdn.net/jpg/00/96/00/05/500_F_96000560_DsLFDvfNPJR4nY2lLgkYdSS7Ndcr0F74.jpg
"Photo collage1",https://t1.ftcdn.net/jpg/00/69/56/14/500_F_69561488_e59CLSr0n4QXyctRJbWfIdF8s9t8PL4t.jpg
"Retro Afro america western cowboy man with mustache. Wearing bro",https://t1.ftcdn.net/jpg/00/57/84/06/500_F_57840638_WR8AYhsupY4lMZeXaG5LY0Whmk6Nk326.jpg
"Hands writing on old vintage typewriter",https://t1.ftcdn.net/jpg/00/96/34/60/500_F_96346007_chb88a23iNj627AZwvpQAaIkQY23Zjj2.jpg
"old vintage blue typewriter detail",https://t1.ftcdn.net/jpg/00/89/48/36/500_F_89483671_WTAWkvvHEtpWs7E1FDmD6ClECE2qaejw.jpg
"vintage photo album",https://t1.ftcdn.net/jpg/00/84/00/80/500_F_84008008_FJ9kRz5lXThXUMpsFIIha9Ejc8tbpsUv.jpg
"Cup of hot coffee with steam over defocused books and vintage ca",https://t2.ftcdn.net/jpg/00/80/54/53/500_F_80545388_QiPhu11SS3rnUD0P2tnEyj2r8lYGFjKV.jpg
"Man looking at old record",https://t1.ftcdn.net/jpg/00/85/35/34/500_F_85353459_mRTpfyJKFpF1AnhdWMF52P9Yb87zSFg5.jpg
"Inside with time concept series",https://t2.ftcdn.net/jpg/00/94/55/27/500_F_94552714_CniHPzBWV5tVUB8O8iLBaeE5KOWQi6Ck.jpg
"Ghost Town Galilee Saskatchewan",https://t2.ftcdn.net/jpg/00/96/03/27/500_F_96032737_BygSIJVoSHjxa4PI8I0yoaOM3rSSmk3n.jpg
"close up of the old photo camera",https://t1.ftcdn.net/jpg/00/96/19/12/500_F_96191266_UX9n02LkwERrrI3y2Lx2VA9J84Sh8OST.jpg
"Vintage camera on wooden background",https://t1.ftcdn.net/jpg/00/79/41/10/500_F_79411074_LzHtTcgp0MNwiUlnStNjN1QmGrQmiXpu.jpg
"Vintage car dashboard",https://t1.ftcdn.net/jpg/00/77/31/84/500_F_77318418_9Fk0Q8YOdNDmwDvYWxFXO2xS2v23YoHY.jpg
"Camera Zenit with an additional lens, photos and film",https://t2.ftcdn.net/jpg/00/95/53/51/500_F_95535192_7qpWS1FZCAprma8TJCj1hBkM6BDuxxfv.jpg
"Old fashioned black telephone in studio",https://t2.ftcdn.net/jpg/00/05/31/95/500_F_5319598_VpfE1eiL5ANleEivDNT1uyN66NvVdRjy.jpg
"Vintage phone on a old chair",https://t1.ftcdn.net/jpg/00/87/66/76/500_F_87667621_1L0T1HcO5Rb9II4xvbfxC9HMiNjvuJcl.jpg
"Retro Radio",https://t2.ftcdn.net/jpg/00/87/99/57/500_F_87995726_CScMMPPpQinXreIvjGx8lzW5UkbuzM62.jpg
"retro futuristic bus",https://t1.ftcdn.net/jpg/00/36/49/44/500_F_36494465_UZlR2FXwZ9cP8Z0ynjqSpWcV7y8laWDu.jpg
"old fashioned blue typewriter",https://t1.ftcdn.net/jpg/00/67/87/24/500_F_67872468_scxHRR1MpOHDRSOGSmHEAWt7BBs8MJ45.jpg
"vintage photography still life with typewriter, folding camera,",https://t1.ftcdn.net/jpg/00/79/14/48/500_F_79144886_xH2rJuBAQEaXUrWybfTI1YHd7ulS29vq.jpg
"Photo camera White ",https://t1.ftcdn.net/jpg/00/86/03/36/500_F_86033631_oRDCZB3SyXScgLbb1N4Bfq4EpYeWhTtL.jpg
"Sweet sugary donuts on baking paper",https://t2.ftcdn.net/jpg/00/91/87/21/500_F_91872109_WcHzsveelMI0MfPTTstsy6anS8Nxhyc4.jpg
"Old typewriter with paper",https://t1.ftcdn.net/jpg/00/67/69/14/500_F_67691478_vgDqhNLOSM30wynPgsubDf7eojWYGUp2.jpg
"Vintage girl with toys",https://t2.ftcdn.net/jpg/00/73/25/29/500_F_73252948_6M9L2oUCyy3sfQWWrNhJCQPXWpisGcqD.jpg
"Old Classic Car on Street",https://t1.ftcdn.net/jpg/00/87/53/52/500_F_87535284_Mw7d4R1iUC2zutYpKvr4qqrQ6wUHgUnt.jpg
"Close up of a man holding a vintage pot and British currency, cash, at a flea market.",https://t2.ftcdn.net/jpg/00/91/12/85/500_F_91128551_TXoAiU4PGfco07ZwzoicZ8k0tBi32d8M.jpg
"Close up of the wheel of an old bicyce",https://t2.ftcdn.net/jpg/00/95/75/09/500_F_95750934_Biox9Ol3MZ7oLRnqEu6p9GH8gvDqqIYs.jpg
"Vintage mechanical alarm clock",https://t2.ftcdn.net/jpg/00/95/44/07/500_F_95440733_1mSPYnBOB14ZYdEh1Z3AVVeNyO1sBgv3.jpg
"Black vintage telephone isolated on white background",https://t2.ftcdn.net/jpg/00/95/33/01/500_F_95330183_w4iIxZnK5okMH5hd4gTjoIkWImSlZHRM.jpg
"Vintage Typewriter button close up",https://t1.ftcdn.net/jpg/00/96/22/44/500_F_96224458_dOeIZ8sniQ2qoYLDOG0hNUGxbSL0De1g.jpg
"Retro Typewriter Machine Close up",https://t1.ftcdn.net/jpg/00/96/43/72/500_F_96437267_YxvKzpgI1aIgQN21fcAmZ60D2LUXQFqo.jpg
"retro style",https://t1.ftcdn.net/jpg/00/77/46/12/500_F_77461201_pBqSiosBAxwpDlucIDCEvfE0mViFSaD8.jpg
Salento,https://t2.ftcdn.net/jpg/00/55/09/51/500_F_55095174_Y48IQ2Tb9T2q4AAcRnFf2DEPHwmCjaR8.jpg
"Selection of Antique Chicken Toys",https://t2.ftcdn.net/jpg/00/76/59/23/500_F_76592359_DWz03Wm3WHD9Kg32OFwBU5r2UNaAfjdj.jpg
"Red retro car",https://t1.ftcdn.net/jpg/00/04/62/40/500_F_4624002_35kydPAPgup3ZUy5ay1TmSJi4wmAtnwm.jpg
"Vintage car detail, hood with leather straps and windshield",https://t2.ftcdn.net/jpg/00/95/34/85/500_F_95348569_JtyAPHIsuXsbfWmbKRaRFfSaxjp5XEtg.jpg
"Vintage Red Truck in Desert",https://t1.ftcdn.net/jpg/00/86/75/92/500_F_86759297_hR2zBzn4Nm5CI2xLgGdCq5eUncHNWy53.jpg
"Vintage Accountant Desk",https://t1.ftcdn.net/jpg/00/66/93/18/500_F_66931832_IKazm9ExRMLtr0M2ZAOGobTWnkPc90KH.jpg
"Beautiful woman with red lips",https://t1.ftcdn.net/jpg/00/94/53/24/500_F_94532478_2nA4ASNmz64ACRLAtndXip6gXKwXPYMH.jpg
"Retro styled image of the interior of a classic car",https://t2.ftcdn.net/jpg/00/81/16/13/500_F_81161351_AGn3GKzVCReNYvsg6rcmq7c4GisAJecJ.jpg
"Vintage film camera and blank photo frame",https://t2.ftcdn.net/jpg/00/89/55/19/500_F_89551991_hVmICQA3G38LcqogEjdNmYo9BqB8CvMj.jpg
"winter time",https://t1.ftcdn.net/jpg/00/89/58/24/500_F_89582472_x5BMmZ5wsJKBMbz4St4JVrNoCVf1zQ5m.jpg
"vintage pocket watch on blurred background",https://t2.ftcdn.net/jpg/00/95/25/63/500_F_95256347_mC1AeMPGVNGD3M68lGwPLUbhnQQNrt8U.jpg
"Red classical vintage  automobile",https://t2.ftcdn.net/jpg/00/73/49/45/500_F_73494571_G78ohxeNpG3ZDKZP970uYwFba47HCwmJ.jpg
"Detail of vintage typewriter with message",https://t2.ftcdn.net/jpg/00/85/58/77/500_F_85587761_XX1LBvvp2lmILA2EJLq391YhZmRwbeTz.jpg
"Old vintage typewriter with blank paper",https://t2.ftcdn.net/jpg/00/92/25/91/500_F_92259164_WWGJggabeZpyb5RrzeRvjhOBEUhvUkBr.jpg
"Vintage Record Player with Vinyl Album",https://t1.ftcdn.net/jpg/00/90/07/62/500_F_90076246_O1Bh0v9uLQz4QH2L6D1yfOSaOJjYLNQa.jpg
"closeup of old typewriter letters",https://t1.ftcdn.net/jpg/00/79/83/74/500_F_79837426_Ndt4iXgR7lLFVvvk5sU8xuuY1cEdD2CQ.jpg
"vintage  photo camera",https://t1.ftcdn.net/jpg/00/74/91/08/500_F_74910895_tMaGjl6AVPaiAukKn6z7Qjc1yOCQB8qu.jpg
"Old Binoculars",https://t2.ftcdn.net/jpg/00/63/56/21/500_F_63562166_xxyPZYEJrZkUkgVYdbexatqc5ZMqP1qC.jpg
"Old telephone on wooden background. Copy space on the bottom.",https://t1.ftcdn.net/jpg/00/78/33/50/500_F_78335071_R8YImp6hZnFWyPhY1ZlGqymR0hidrbw8.jpg
"Skier with vintage skis",https://t1.ftcdn.net/jpg/00/74/68/24/500_F_74682490_DokZwPwRtlwGSGLlNF0OvpO0iPfTRXIV.jpg
"Vintage Typewriter",https://t1.ftcdn.net/jpg/00/91/02/54/500_F_91025468_27vz5sIGNtDIQjz5tq97r2GspC7V3jCw.jpg
"carrozzina vintage",https://t1.ftcdn.net/jpg/00/46/05/06/500_F_46050629_GoChYIIWmNQTwCaMrXIDmLzarfZtyUV5.jpg
robot,https://t2.ftcdn.net/jpg/00/74/98/35/500_F_74983500_jUlHqKjmZQIx8nrQaefxqoMkL0YjtTgS.jpg
"bellows camera with film and books",https://t2.ftcdn.net/jpg/00/62/43/47/500_F_62434752_1ehsh1MVT26aEmY0gVXFjoY8GwAzOqxF.jpg
"Red Classic Telephone",https://t1.ftcdn.net/jpg/00/65/84/30/500_F_65843095_ZXggd4BLBXTFNGJuxogHeojVgXBlnuYD.jpg
"Photoalbum with pink rose and chocolate",https://t2.ftcdn.net/jpg/00/74/84/27/500_F_74842708_qwAsjGdamETpjnhFV1NCVapc3RvMK861.jpg
"Young lady checking out her beauty at vintage cars and fashion show",https://t1.ftcdn.net/jpg/00/96/47/92/500_F_96479243_YPN5etlgrk6NOqdk0mfPWn5ykPYaCCLa.jpg
"vintage,big, steam train",https://t1.ftcdn.net/jpg/00/85/63/72/500_F_85637210_ozi5ggbzcc3CCbfi1pTdgsvM0NMmocxS.jpg
"Two scalloped frames",https://t1.ftcdn.net/jpg/00/61/40/54/500_F_61405421_FPqiD0EsNf9LhaTlSSg2LngYe8BsWbeb.jpg
"USA, Connecticut, Couple having drinks in front of drive-in",https://t1.ftcdn.net/jpg/00/83/53/00/500_F_83530025_7K1uEgVVRd30xl2WmyqTw6it696cMlAJ.jpg
"Old Empty Photography",https://t2.ftcdn.net/jpg/00/54/48/21/500_F_54482121_cq7SnK893LVORrAZL4IYxt7brgbMFK7i.jpg

